Workbook

Sheet Instruções
A1: FACIN_IA - Planilha de Avaliação Automática
A3: 1. Preencha apenas as colunas 'Valor apurado', 'Evidência principal' e 'Observações' na aba Avaliação.
A4: 2. A nota automática do indicador é calculada a partir dos limiares parametrizados.
A5: 3. A pontuação da dimensão é ponderada pelos pesos internos dos indicadores.
A6: 4. O índice geral é ponderado pelos pesos das seis dimensões.
A7: 5. A classificação final aplica as barreiras institucionais da PRODEMGE.

Sheet Parâmetros_Dimensões
A1: Dimensão | B1: Peso_dimensão
A2: Estratégia e Governança de IA | B2: 15
A3: Dados e Infraestrutura | B3: 20
A4: Talento e Cultura | B4: 10
A5: Desenvolvimento e Operação de IA (DevOps/MLOps) | B5: 25
A6: Ética, Transparência e Gestão de Risco | B6: 20
A7: Impacto Social e Valor | B7: 10

Sheet Parâmetros_Indicadores
A1: Dimensão | B1: Código | C1: Indicador | D1: Unidade | E1: Polaridade | F1: Peso_indicador | G1: Limiar_N2 | H1: Limiar_N3 | I1: Limiar_N4 | J1: Limiar_N5 | K1: Indicador_crítico
A2: Estratégia e Governança de IA | B2: EG1 | C2: Cobertura de política e estratégia de IA | D2: percentual | E2: maior_melhor | F2: 30 | G2: 30 | H2: 50 | I2: 75 | J2: 90 | K2: FALSE
A3: Estratégia e Governança de IA | B3: EG2 | C3: Governança do portfólio de casos de uso de IA | D3: percentual | E3: maior_melhor | F3: 30 | G3: 30 | H3: 50 | I3: 75 | J3: 90 | K3: FALSE
A4: Estratégia e Governança de IA | B4: EG3 | C4: Rastreabilidade de decisões e artefatos de IA | D4: percentual | E4: maior_melhor | F4: 40 | G4: 30 | H4: 50 | I4: 75 | J4: 90 | K4: FALSE
A5: Dados e Infraestrutura | B5: DI1 | C5: Cobertura de catálogo e linhagem de dados e modelos | D5: percentual | E5: maior_melhor | F5: 35 | G5: 35 | H5: 55 | I5: 75 | J5: 90 | K5: FALSE
A6: Dados e Infraestrutura | B6: DI2 | C6: Conformidade de proteção de dados e acessos | D6: percentual | E6: maior_melhor | F6: 40 | G6: 40 | H6: 60 | I6: 80 | J6: 95 | K6: TRUE
A7: Dados e Infraestrutura | B7: DI3 | C7: Disponibilidade da infraestrutura crítica de IA | D7: percentual | E7: maior_melhor | F7: 25 | G7: 97 | H7: 98 | I7: 99 | J7: 99.7 | K7: FALSE
A8: Talento e Cultura | B8: TC1 | C8: Cobertura de papéis críticos de IA formalmente atribuídos | D8: percentual | E8: maior_melhor | F8: 35 | G8: 30 | H8: 50 | I8: 75 | J8: 90 | K8: FALSE
A9: Talento e Cultura | B9: TC2 | C9: Capacitação aplicada em governança e operação de IA | D9: horas | E9: maior_melhor | F9: 25 | G9: 6 | H9: 12 | I9: 20 | J9: 32 | K9: FALSE
A10: Talento e Cultura | B10: TC3 | C10: Aderência à segregação entre ideação e produção | D10: percentual | E10: maior_melhor | F10: 40 | G10: 30 | H10: 50 | I10: 75 | J10: 90 | K10: FALSE
A11: Desenvolvimento e Operação de IA (DevOps/MLOps) | B11: DO1 | C11: Cobertura de especificação antes de código ou ajuste de modelo | D11: percentual | E11: maior_melhor | F11: 25 | G11: 35 | H11: 55 | I11: 80 | J11: 95 | K11: FALSE
A12: Desenvolvimento e Operação de IA (DevOps/MLOps) | B12: DO2 | C12: Cobertura de testes e validações de IA na esteira | D12: percentual | E12: maior_melhor | F12: 30 | G12: 35 | H12: 55 | I12: 80 | J12: 95 | K12: TRUE
A13: Desenvolvimento e Operação de IA (DevOps/MLOps) | B13: DO3 | C13: Cobertura de observabilidade obrigatória | D13: percentual | E13: maior_melhor | F13: 25 | G13: 35 | H13: 55 | I13: 80 | J13: 95 | K13: TRUE
... A20: Impacto Social e Valor | B20: IV3 | C20: Confiança e satisfação do usuário com serviços apoiados por IA | D20: escala_1_5 | E20: maior_melhor | F20: 35 | G20: 2.8 | H20: 3.4 | I20: 4 | J20: 4.5 | K20: FALSE

Sheet Avaliação
A1: Dimensão | B1: Código | C1: Indicador | D1: Unidade | E1: Polaridade | F1: Peso_indicador | G1: Limiar_N2 | H1: Limiar_N3 | I1: Limiar_N4 | J1: Limiar_N5 | K1: Valor_apurado | L1: Nota_automática | M1: Indicador_crítico | N1: Evidência_principal | O1: Observações
A2: Estratégia e Governança de IA | B2: EG1 | C2: Cobertura de política e estratégia de IA | D2: percentual | E2: maior_melhor | F2: 30 | G2: 30 | H2: 50 | I2: 75 | J2: 90 | L2: =IF(K2="","",IF(K2<G2,1,IF(K2<H2,2,IF(K2<I2,3,IF(K2<J2,4,5))))) | M2: FALSE
A3: Estratégia e Governança de IA | B3: EG2 | C3: Governança do portfólio de casos de uso de IA | D3: percentual | E3: maior_melhor | F3: 30 | G3: 30 | H3: 50 | I3: 75 | J3: 90 | L3: =IF(K3="","",IF(K3<G3,1,IF(K3<H3,2,IF(K3<I3,3,IF(K3<J3,4,5))))) | M3: FALSE
A4: Estratégia e Governança de IA | B4: EG3 | C4: Rastreabilidade de decisões e artefatos de IA | D4: percentual | E4: maior_melhor | F4: 40 | G4: 30 | H4: 50 | I4: 75 | J4: 90 | L4: =IF(K4="","",IF(K4<G4,1,IF(K4<H4,2,IF(K4<I4,3,IF(K4<J4,4,5))))) | M4: FALSE
A5: Dados e Infraestrutura | B5: DI1 | C5: Cobertura de catálogo e linhagem de dados e modelos | D5: percentual | E5: maior_melhor | F5: 35 | G5: 35 | H5: 55 | I5: 75 | J5: 90 | L5: =IF(K5="","",IF(K5<G5,1,IF(K5<H5,2,IF(K5<I5,3,IF(K5<J5,4,5))))) | M5: FALSE
A6: Dados e Infraestrutura | B6: DI2 | C6: Conformidade de proteção de dados e acessos | D6: percentual | E6: maior_melhor | F6: 40 | G6: 40 | H6: 60 | I6: 80 | J6: 95 | L6: =IF(K6="","",IF(K6<G6,1,IF(K6<H6,2,IF(K6<I6,3,IF(K6<J6,4,5))))) | M6: TRUE
A7: Dados e Infraestrutura | B7: DI3 | C7: Disponibilidade da infraestrutura crítica de IA | D7: percentual | E7: maior_melhor | F7: 25 | G7: 97 | H7: 98 | I7: 99 | J7: 99.7 | L7: =IF(K7="","",IF(K7<G7,1,IF(K7<H7,2,IF(K7<I7,3,IF(K7<J7,4,5))))) | M7: FALSE
A8: Talento e Cultura | B8: TC1 | C8: Cobertura de papéis críticos de IA formalmente atribuídos | D8: percentual | E8: maior_melhor | F8: 35 | G8: 30 | H8: 50 | I8: 75 | J8: 90 | L8: =IF(K8="","",IF(K8<G8,1,IF(K8<H8,2,IF(K8<I8,3,IF(K8<J8,4,5))))) | M8: FALSE
A9: Talento e Cultura | B9: TC2 | C9: Capacitação aplicada em governança e operação de IA | D9: horas | E9: maior_melhor | F9: 25 | G9: 6 | H9: 12 | I9: 20 | J9: 32 | L9: =IF(K9="","",IF(K9<G9,1,IF(K9<H9,2,IF(K9<I9,3,IF(K9<J9,4,5))))) | M9: FALSE
A10: Talento e Cultura | B10: TC3 | C10: Aderência à segregação entre ideação e produção | D10: percentual | E10: maior_melhor | F10: 40 | G10: 30 | H10: 50 | I10: 75 | J10: 90 | L10: =IF(K10="","",IF(K10<G10,1,IF(K10<H10,2,IF(K10<I10,3,IF(K10<J10,4,5))))) | M10: FALSE
A11: Desenvolvimento e Operação de IA (DevOps/MLOps) | B11: DO1 | C11: Cobertura de especificação antes de código ou ajuste de modelo | D11: percentual | E11: maior_melhor | F11: 25 | G11: 35 | H11: 55 | I11: 80 | J11: 95 | L11: =IF(K11="","",IF(K11<G11,1,IF(K11<H11,2,IF(K11<I11,3,IF(K11<J11,4,5))))) | M11: FALSE
A12: Desenvolvimento e Operação de IA (DevOps/MLOps) | B12: DO2 | C12: Cobertura de testes e validações de IA na esteira | D12: percentual | E12: maior_melhor | F12: 30 | G12: 35 | H12: 55 | I12: 80 | J12: 95 | L12: =IF(K12="","",IF(K12<G12,1,IF(K12<H12,2,IF(K12<I12,3,IF(K12<J12,4,5))))) | M12: TRUE
A13: Desenvolvimento e Operação de IA (DevOps/MLOps) | B13: DO3 | C13: Cobertura de observabilidade obrigatória | D13: percentual | E13: maior_melhor | F13: 25 | G13: 35 | H13: 55 | I13: 80 | J13: 95 | L13: =IF(K13="","",IF(K13<G13,1,IF(K13<H13,2,IF(K13<I13,3,IF(K13<J13,4,5))))) | M13: TRUE
A14: Desenvolvimento e Operação de IA (DevOps/MLOps) | B14: DO4 | C14: Tempo médio de resposta a incidentes de IA (MTTR) | D14: horas | E14: menor_melhor | F14: 20 | G14: 72 | H14: 36 | I14: 12 | J14: 4 | L14: =IF(K14="","",IF(K14<=J14,5,IF(K14<=I14,4,IF(K14<=H14,3,IF(K14<=G14,2,1))))) | M14: FALSE
A15: Ética, Transparência e Gestão de Risco | B15: ER1 | C15: Cobertura de avaliação ética e de risco algorítmico | D15: percentual | E15: maior_melhor | F15: 40 | G15: 35 | H15: 60 | I15: 80 | J15: 95 | L15: =IF(K15="","",IF(K15<G15,1,IF(K15<H15,2,IF(K15<I15,3,IF(K15<J15,4,5))))) | M15: TRUE
A16: Ética, Transparência e Gestão de Risco | B16: ER2 | C16: Transparência ao usuário e ao afetado pela IA | D16: percentual | E16: maior_melhor | F16: 25 | G16: 35 | H16: 55 | I16: 80 | J16: 95 | L16: =IF(K16="","",IF(K16<G16,1,IF(K16<H16,2,IF(K16<I16,3,IF(K16<J16,4,5))))) | M16: FALSE
A17: Ética, Transparência e Gestão de Risco | B17: ER3 | C17: Conformidade ética e regulatória após auditoria | D17: percentual | E17: maior_melhor | F17: 35 | G17: 60 | H17: 75 | I17: 90 | J17: 98 | L17: =IF(K17="","",IF(K17<G17,1,IF(K17<H17,2,IF(K17<I17,3,IF(K17<J17,4,5))))) | M17: TRUE
A18: Impacto Social e Valor | B18: IV1 | C18: Taxa de metas de valor atingidas por iniciativas de IA | D18: percentual | E18: maior_melhor | F18: 40 | G18: 30 | H18: 50 | I18: 75 | J18: 90 | L18: =IF(K18="","",IF(K18<G18,1,IF(K18<H18,2,IF(K18<I18,3,IF(K18<J18,4,5))))) | M18: FALSE
A19: Impacto Social e Valor | B19: IV2 | C19: Cobertura de acessibilidade e inclusão nos serviços com IA | D19: percentual | E19: maior_melhor | F19: 25 | G19: 35 | H19: 55 | I19: 80 | J19: 95 | L19: =IF(K19="","",IF(K19<G19,1,IF(K19<H19,2,IF(K19<I19,3,IF(K19<J19,4,5))))) | M19: FALSE
A20: Impacto Social e Valor | B20: IV3 | C20: Confiança e satisfação do usuário com serviços apoiados por IA | D20: escala_1_5 | E20: maior_melhor | F20: 35 | G20: 2.8 | H20: 3.4 | I20: 4 | J20: 4.5 | L20: =IF(K20="","",IF(K20<G20,1,IF(K20<H20,2,IF(K20<I20,3,IF(K20<J20,4,5))))) | M20: FALSE

Sheet Resumo
A1: Dimensão | B1: Peso_dimensão | C1: Pontuação_dimensão
A2: Estratégia e Governança de IA | B2: 15 | C2: =IFERROR(SUMPRODUCT(('Avaliação'!$A$2:$A$20=A2)*'Avaliação'!$F$2:$F$20*'Avaliação'!$L$2:$L$20)/SUMIF('Avaliação'!$A$2:$A$20,A2,'Avaliação'!$F$2:$F$20),"")
A3: Dados e Infraestrutura | B3: 20 | C3: =IFERROR(SUMPRODUCT(('Avaliação'!$A$2:$A$20=A3)*'Avaliação'!$F$2:$F$20*'Avaliação'!$L$2:$L$20)/SUMIF('Avaliação'!$A$2:$A$20,A3,'Avaliação'!$F$2:$F$20),"")
A4: Talento e Cultura | B4: 10 | C4: =IFERROR(SUMPRODUCT(('Avaliação'!$A$2:$A$20=A4)*'Avaliação'!$F$2:$F$20*'Avaliação'!$L$2:$L$20)/SUMIF('Avaliação'!$A$2:$A$20,A4,'Avaliação'!$F$2:$F$20),"")
A5: Desenvolvimento e Operação de IA (DevOps/MLOps) | B5: 25 | C5: =IFERROR(SUMPRODUCT(('Avaliação'!$A$2:$A$20=A5)*'Avaliação'!$F$2:$F$20*'Avaliação'!$L$2:$L$20)/SUMIF('Avaliação'!$A$2:$A$20,A5,'Avaliação'!$F$2:$F$20),"")
A6: Ética, Transparência e Gestão de Risco | B6: 20 | C6: =IFERROR(SUMPRODUCT(('Avaliação'!$A$2:$A$20=A6)*'Avaliação'!$F$2:$F$20*'Avaliação'!$L$2:$L$20)/SUMIF('Avaliação'!$A$2:$A$20,A6,'Avaliação'!$F$2:$F$20),"")
A7: Impacto Social e Valor | B7: 10 | C7: =IFERROR(SUMPRODUCT(('Avaliação'!$A$2:$A$20=A7)*'Avaliação'!$F$2:$F$20*'Avaliação'!$L$2:$L$20)/SUMIF('Avaliação'!$A$2:$A$20,A7,'Avaliação'!$F$2:$F$20),"")
A10: Índice geral | C10: =SUMPRODUCT(B2:B7,C2:C7)/100
A11: Classificação base | C11: =IF(C10="","",IF(C10<=1.9,"Nível 1 - Inicial",IF(C10<=2.7,"Nível 2 - Em Desenvolvimento",IF(C10<=3.5,"Nível 3 - Otimizado",IF(C10<=4.3,"Nível 4 - Consolidado","Nível 5 - Estabelecido")))))
A12: Barreira níveis críticos | C12: =MIN(C3,C5,C6)
A13: Menor pontuação geral | C13: =MIN(C2:C7)
A14: Menor nota de indicador crítico | C14: =MINIFS('Avaliação'!L2:L20,'Avaliação'!M2:M20,TRUE)
A15: Classificação final | C15: =IF(C10="","",IF(AND(C10>4.3,C13>=4,C14>=3),"Nível 5 - Estabelecido",IF(AND(C10>3.5,C12>=3.5),"Nível 4 - Consolidado",IF(C10>2.7,"Nível 3 - Otimizado",IF(C10>1.9,"Nível 2 - Em Desenvolvimento","Nível 1 - Inicial")))))
